Workbook

Sheet in
A1: VisitDate | B1: PatientID | C1: Age | D1: Gender | E1: Diagnosis | F1: Treatment | G1: Doctor | H1: Cost | I1: Age Group | J1: Standard Cost | K1: Cost with Tax (Rounddown) | L1: Cost with Tax (Roundup) | M1: Cost with Tax (Round) | N1: Extracted Date
A2: 44562 | B2: P1328 | C2: 75 | D2: Male | E2: Covid-19 | F2: Therapy | G2: Dr. John | H2: 2609.73 | I2: {=_xlfn.IFS(C2<=15,"Children and Young Adolescents", C2>64, "Seniors", TRUE, "Working Age")} -> Seniors | J2: =VLOOKUP(F2,Analysis!F1:G5,2,FALSE) -> 2503.6023 | K2: =ROUNDDOWN(H2*1.1,2) -> 2870.7 | L2: =ROUNDUP(H2*1.1,2) -> 2870.71 | M2: =ROUND(H2*1.1,2) -> 2870.7 | N2: =TEXT(A2,"mmmm yyyy") -> January 2022
A3: 44562 | B3: P3065 | C3: 43 | D3: Other | E3: Cancer | F3: Therapy | G3: Dr. John | H3: 4137.97 | I3: {=_xlfn.IFS(C3<=15,"Children and Young Adolescents", C3>64, "Seniors", TRUE, "Working Age")} -> Working Age | J3: =VLOOKUP(F3,Analysis!F2:G6,2,FALSE) -> 2503.6023 | K3: =ROUNDDOWN(H3*1.1,2) -> 4551.76 | L3: =ROUNDUP(H3*1.1,2) -> 4551.77 | M3: =ROUND(H3*1.1,2) -> 4551.77 | N3: =TEXT(A3,"mmmm yyyy") -> January 2022
A4: 44562 | B4: P3447 | C4: 78 | D4: Other | E4: Asthma | F4: Surgery | G4: Dr. Patel | H4: 3482.19 | I4: {=_xlfn.IFS(C4<=15,"Children and Young Adolescents", C4>64, "Seniors", TRUE, "Working Age")} -> Seniors | J4: =VLOOKUP(F4,Analysis!F3:G7,2,FALSE) -> 2509.1717 | K4: =ROUNDDOWN(H4*1.1,2) -> 3830.4 | L4: =ROUNDUP(H4*1.1,2) -> 3830.41 | M4: =ROUND(H4*1.1,2) -> 3830.41 | N4: =TEXT(A4,"mmmm yyyy") -> January 2022
A5: 44562 | B5: P3470 | C5: 1 | D5: Other | E5: Covid-19 | F5: Surgery | G5: Dr. Lee | H5: 1114.14 | I5: {=_xlfn.IFS(C5<=15,"Children and Young Adolescents", C5>64, "Seniors", TRUE, "Working Age")} -> Children and Young Adolescents | J5: =VLOOKUP(F5,Analysis!$F$1:$G$5,2,FALSE) -> 2509.1717 | K5: =ROUNDDOWN(H5*1.1,2) -> 1225.55 | L5: =ROUNDUP(H5*1.1,2) -> 1225.56 | M5: =ROUND(H5*1.1,2) -> 1225.55 | N5: =TEXT(A5,"mmmm yyyy") -> January 2022
A6: 44562 | B6: P3590 | C6: 64 | D6: Other | E6: Asthma | F6: Observation | G6: Dr. Wong | H6: 3587.99 | I6: {=_xlfn.IFS(C6<=15,"Children and Young Adolescents", C6>64, "Seniors", TRUE, "Working Age")} -> Working Age | J6: =VLOOKUP(F6,Analysis!$F$1:$G$5,2,FALSE) -> 2440.2967 | K6: =ROUNDDOWN(H6*1.1,2) -> 3946.78 | L6: =ROUNDUP(H6*1.1,2) -> 3946.79 | M6: =ROUND(H6*1.1,2) -> 3946.79 | N6: =TEXT(A6,"mmmm yyyy") -> January 2022
A7: 44562 | B7: P4049 | C7: 65 | D7: Other | E7: Cancer | F7: Surgery | G7: Dr. Smith | H7: 4361.61 | I7: {=_xlfn.IFS(C7<=15,"Children and Young Adolescents", C7>64, "Seniors", TRUE, "Working Age")} -> Seniors | J7: =VLOOKUP(F7,Analysis!$F$1:$G$5,2,FALSE) -> 2509.1717 | K7: =ROUNDDOWN(H7*1.1,2) -> 4797.77 | L7: =ROUNDUP(H7*1.1,2) -> 4797.78 | M7: =ROUND(H7*1.1,2) -> 4797.77 | N7: =TEXT(A7,"mmmm yyyy") -> January 2022
A8: 44562 | B8: P4290 | C8: 74 | D8: Other | E8: Asthma | F8: Observation | G8: Dr. Smith | H8: 283.95 | I8: {=_xlfn.IFS(C8<=15,"Children and Young Adolescents", C8>64, "Seniors", TRUE, "Working Age")} -> Seniors | J8: =VLOOKUP(F8,Analysis!$F$1:$G$5,2,FALSE) -> 2440.2967 | K8: =ROUNDDOWN(H8*1.1,2) -> 312.34 | L8: =ROUNDUP(H8*1.1,2) -> 312.35 | M8: =ROUND(H8*1.1,2) -> 312.35 | N8: =TEXT(A8,"mmmm yyyy") -> January 2022
A9: 44562 | B9: P745 | C9: 64 | D9: Female | E9: Migraine | F9: Therapy | G9: Dr. Wong | H9: 3456.39 | I9: {=_xlfn.IFS(C9<=15,"Children and Young Adolescents", C9>64, "Seniors", TRUE, "Working Age")} -> Working Age | J9: =VLOOKUP(F9,Analysis!$F$1:$G$5,2,FALSE) -> 2503.6023 | K9: =ROUNDDOWN(H9*1.1,2) -> 3802.02 | L9: =ROUNDUP(H9*1.1,2) -> 3802.03 | M9: =ROUND(H9*1.1,2) -> 3802.03 | N9: =TEXT(A9,"mmmm yyyy") -> January 2022
A10: 44563 | B10: P1356 | C10: 59 | D10: Female | E10: Cancer | F10: Observation | G10: Dr. John | H10: 835.71 | I10: {=_xlfn.IFS(C10<=15,"Children and Young Adolescents", C10>64, "Seniors", TRUE, "Working Age")} -> Working Age | J10: =VLOOKUP(F10,Analysis!$F$1:$G$5,2,FALSE) -> 2440.2967 | K10: =ROUNDDOWN(H10*1.1,2) -> 919.28 | L10: =ROUNDUP(H10*1.1,2) -> 919.29 | M10: =ROUND(H10*1.1,2) -> 919.28 | N10: =TEXT(A10,"mmmm yyyy") -> January 2022
A11: 44563 | B11: P2221 | C11: 93 | D11: Other | E11: Asthma | F11: Therapy | G11: Dr. Patel | H11: 4799.51 | I11: {=_xlfn.IFS(C11<=15,"Children and Young Adolescents", C11>64, "Seniors", TRUE, "Working Age")} -> Seniors | J11: =VLOOKUP(F11,Analysis!$F$1:$G$5,2,FALSE) -> 2503.6023 | K11: =ROUNDDOWN(H11*1.1,2) -> 5279.46 | L11: =ROUNDUP(H11*1.1,2) -> 5279.47 | M11: =ROUND(H11*1.1,2) -> 5279.46 | N11: =TEXT(A11,"mmmm yyyy") -> January 2022
A12: 44563 | B12: P2376 | C12: 65 | D12: Male | E12: Diabetes | F12: Medication | G12: Dr. John | H12: 4769.88 | I12: {=_xlfn.IFS(C12<=15,"Children and Young Adolescents", C12>64, "Seniors", TRUE, "Working Age")} -> Seniors | J12: =VLOOKUP(F12,Analysis!$F$1:$G$5,2,FALSE) -> 2496.7676 | K12: =ROUNDDOWN(H12*1.1,2) -> 5246.86 | L12: =ROUNDUP(H12*1.1,2) -> 5246.87 | M12: =ROUND(H12*1.1,2) -> 5246.87 | N12: =TEXT(A12,"mmmm yyyy") -> January 2022
A13: 44563 | B13: P3121 | C13: 40 | D13: Male | E13: Cancer | F13: Medication | G13: Dr. John | H13: 1137.72 | I13: {=_xlfn.IFS(C13<=15,"Children and Young Adolescents", C13>64, "Seniors", TRUE, "Working Age")} -> Working Age | J13: =VLOOKUP(F13,Analysis!$F$1:$G$5,2,FALSE) -> 2496.7676 | K13: =ROUNDDOWN(H13*1.1,2) -> 1251.49 | L13: =ROUNDUP(H13*1.1,2) -> 1251.5 | M13: =ROUND(H13*1.1,2) -> 1251.49 | N13: =TEXT(A13,"mmmm yyyy") -> January 2022
A14: 44563 | B14: P3731 | C14: 91 | D14: Other | E14: Flu | F14: Surgery | G14: Dr. Lee | H14: 1579.82 | I14: {=_xlfn.IFS(C14<=15,"Children and Young Adolescents", C14>64, "Seniors", TRUE, "Working Age")} -> Seniors | J14: =VLOOKUP(F14,Analysis!$F$1:$G$5,2,FALSE) -> 2509.1717 | K14: =ROUNDDOWN(H14*1.1,2) -> 1737.8 | L14: =ROUNDUP(H14*1.1,2) -> 1737.81 | M14: =ROUND(H14*1.1,2) -> 1737.8 | N14: =TEXT(A14,"mmmm yyyy") -> January 2022
A15: 44564 | B15: P1685 | C15: 73 | D15: Female | E15: Unknown | F15: Surgery | G15: Dr. Patel | H15: 3108.83 | I15: {=_xlfn.IFS(C15<=15,"Children and Young Adolescents", C15>64, "Seniors", TRUE, "Working Age")} -> Seniors | J15: =VLOOKUP(F15,Analysis!$F$1:$G$5,2,FALSE) -> 2509.1717 | K15: =ROUNDDOWN(H15*1.1,2) -> 3419.71 | L15: =ROUNDUP(H15*1.1,2) -> 3419.72 | M15: =ROUND(H15*1.1,2) -> 3419.71 | N15: =TEXT(A15,"mmmm yyyy") -> January 2022
A16: 44564 | B16: P2080 | C16: 77 | D16: Female | E16: Hypertension | F16: Medication | G16: Dr. John | H16: 470.52 | I16: {=_xlfn.IFS(C16<=15,"Children and Young Adolescents", C16>64, "Seniors", TRUE, "Working Age")} -> Seniors | J16: =VLOOKUP(F16,Analysis!$F$1:$G$5,2,FALSE) -> 2496.7676 | K16: =ROUNDDOWN(H16*1.1,2) -> 517.57 | L16: =ROUNDUP(H16*1.1,2) -> 517.58 | M16: =ROUND(H16*1.1,2) -> 517.57 | N16: =TEXT(A16,"mmmm yyyy") -> January 2022
... A5001: 45291 | B5001: P688 | C5001: 80 | D5001: Male | E5001: Cancer | F5001: Observation | G5001: Dr. Patel | H5001: 4515.56 | I5001: {=_xlfn.IFS(C5001<=15,"Children and Young Adolescents", C5001>64, "Seniors", TRUE, "Working Age")} -> Seniors | J5001: =VLOOKUP(F5001,Analysis!$F$1:$G$5,2,FALSE) -> 2440.2967 | K5001: =ROUNDDOWN(H5001*1.1,2) -> 4967.11 | L5001: =ROUNDUP(H5001*1.1,2) -> 4967.12 | M5001: =ROUND(H5001*1.1,2) -> 4967.12 | N5001: =TEXT(A5001,"mmmm yyyy") -> December 2023

Sheet Analysis
C1: Cost | F1: Treatment | G1: Standard Cost | K1: Doctor | L1: Sum of Cost | N1: Gender | O1: Count of PatientID
B2: Min | C2: =MIN(in!H:H) -> 20.23 | F2: {=_xlfn.UNIQUE(in!F2:F5001)} -> Therapy | G2: =AVERAGEIF(in!F2:F5001, Analysis!F2,in!H2:H5001) -> 2503.6023 | K2: Dr. John | L2: 2318307.2 | N2: Female | O2: 1653 | T2: Diagnosis | U2: (Multiple Items)
B3: Max | C3: =MAX(in!H:H) -> 4998.47 | F3: Surgery | G3: =AVERAGEIF(in!F3:F5002, Analysis!F3,in!H3:H5002) -> 2509.1717 | K3: Dr. Lee | L3: 2473815.4 | N3: Male | O3: 1653
B4: Average | C4: =AVERAGE(in!H:H) -> 2488.1582 | F4: Observation | G4: =AVERAGEIF(in!F4:F5003, Analysis!F4,in!H4:H5003) -> 2440.2967 | K4: Dr. Patel | L4: 2435514.4 | N4: Other | O4: 1694 | U4: Column Labels
F5: Medication | G5: =AVERAGEIF(in!F5:F5004, Analysis!F5,in!H5:H5004) -> 2496.7676 | K5: Dr. Smith | L5: 2327614.6 | N5: Grand Total | O5: 5000 | U5: Children and Young Adolescents | W5: Seniors | Y5: Working Age | AA5: Total Count of PatientID | AB5: Total Sum of Cost
K6: Dr. Wong | L6: 2492231.3 | T6: Row Labels | U6: Count of PatientID | V6: Sum of Cost | W6: Count of PatientID | X6: Sum of Cost | Y6: Count of PatientID | Z6: Sum of Cost
A7: Count of Patients with Diabetes | B7: =COUNTIF(in!E:E, "Diabetes") -> 643 | K7: Unassigned | L7: 393307.97 | T7: Female | U7: 74 | V7: 172946.1 | W7: 205 | X7: 520664.96 | Y7: 283 | Z7: 740658.45 | AA7: 562 | AB7: 1434269.5
K8: Grand Total | L8: 12440791 | T8: Male | U8: 89 | V8: 219146.32 | W8: 195 | X8: 476454.6 | Y8: 292 | Z8: 745408.32 | AA8: 576 | AB8: 1441009.2
T9: Other | U9: 104 | V9: 244354.47 | W9: 201 | X9: 498029.13 | Y9: 264 | Z9: 664082.74 | AA9: 569 | AB9: 1406466.3
T10: Grand Total | U10: 267 | V10: 636446.89 | W10: 601 | X10: 1495148.7 | Y10: 839 | Z10: 2150149.5 | AA10: 1707 | AB10: 4281745.1
K11: Diagnosis | L11: Average of Cost | N11: Row Labels | O11: Count of PatientID
K12: Diabetes | L12: 2434.9329 | N12: Children and Young Adolescents | O12: 0.1552
K13: Asthma | L13: 2441.1555 | N13: Seniors | O13: 0.355
K14: Unknown | L14: 2457.8956 | N14: Working Age | O14: 0.4898
K15: Covid-19 | L15: 2486.5416 | N15: Grand Total | O15: 1
K16: Hypertension | L16: 2494.0736
K17: Migraine | L17: 2507.9048
K18: Cancer | L18: 2527.9798
K19: Flu | L19: 2538.3202
K20: Overall Average | L20: 2488.1582
